nom,latitude,longitude,description,adresse_brut,type_lieu,public_cible,contact_telephone,horaires_ouverture_brut,services
Emmaüs Connect,44.87298136,-0.5722592476,Nous mettons en place des activités dédiées à accompagner les personnes en difficulté numérique dans leur parcours. Nous les aidons à accéder à une offre solidaire pour s’équiper et se connecter tout en leur fournissant des outils pédagogiques pour appréhender seules ou accompagnées les services numériques essentiels à leur insertion sociale et professionnelle.,38 cours des Aubiers,Association,Tout public,06 46 80 33 29,Mardi au Jeudi : 10h-13h/14h-17h45. Vendredi 10h-13h/14h-16h45.,"Accès à un équipement informatique,Le public peut amener son propre matériel"
L'Atelier de No Working Bordeaux Bacalan,44.86556204,-0.5492165921,"L'atelier de No Working est un espace d'activités, d'échange et de partage à destination des seniors.",19 rue Achard,Autre / Inconnu,Séniors,05 56 37 68 95,Du Lundi au Vendredi : 9h12h30/13h30-18h.,"Accès à un équipement informatique,Le public peut amener son propre matériel"
Pôle Emploi Gironde - Bordeaux Nord,44.83732746,-0.572872104,"Accueille et accompagne toute personne à la recherche d'un emploi, d'une formation, d'un conseil professionnelle, d'une aide à la mobilité ou à l'insertion sociale et professionnelle.Indemnise les personnes relevant de l'assurance-chômage. Conseille et accompagne les entreprises dans leurs recrutements. Relaie les politiques publiques en relation avec ses missions.",5 place Ravezies,Pôle Emploi,Demandeurs d'emploi,3949,Réception sans rendez-vous  les matin du Lundi au Vendredi de 8h30 à 12h30 et sur rendez-vous les après-midi sauf le Jeudi.,Accès à un équipement informatique
Chantecler Bordeaux,44.8541256,-0.5767387999,"Aujourd’hui c’est 61 activités proposées pour 3600 pratiquants. Cette belle aventure doit sa réussite aux bénévoles, aux salariés et aux adhérents qui se sont succédés au cours de ces 92 années passées. Nous serons donc très prochainement CENTENAIRE… Nous nous sommes attachés à préserver les valeurs qui ont initié CHANTECLER : accueil pour tous, solidarité et esprit d’équipe.",impasse Ste Elisabeth,Association,Tout public,05 57 87 02 57,"Lundi, Mardi, Mercredi, Vendredi : 9h-12h30/13h30-18h.","Accès à un équipement informatique,Le public peut amener son propre matériel"
Foyer Fraternel Centre Social,44.85584624,-0.5721108423,"Le Foyer Fraternel est à la fois un centre social & un organisme de formation. Il répond aux besoins éducatifs et de loisirs, aux besoins d’insertion sociale et de solidarité, aux besoins de formation et d’insertion professionnelle. L’association propose notamment des cours de Français (Alpha, FLE) et des ateliers pour le numérique. Elle compte 800 adhérents et 2500 usagers dans les quartiers Chartrons, Grand Parc, Jardin Public.",23 rue Gouffrand,Centre social,"Allocataires,Demandeurs d'emploi,Etrangers,Jeunes,Séniors",05 57 87 13 92,Lundi au Vendredi : 9h-18h.,Accès à un équipement informatique
Bibliothèque Mériadeck,44.83511683,-0.5867592372,"La bibliothèque Mériadeck est la plus grande bibliothèque du réseau bordelais. C'est également l'une des plus grandes bibliothèques municipales de France, avec ses 8 000 m² ouverts au public ! L'offre de documents est vaste : le bâtiment abrite plus d'un million de documents dans des dizaines de kilomètres de rayonnages, soit en accès tout à fait simple et facile, dans les salles, pour l'emprunt à domicile ou la lecture sur place, soit en magasins.",85 cours du Maréchal Juin,Bibliothèque / Médiathèque,Tout public,05 56 10 30 00,"Lundi et Jeudi : 13h à 19h / Mardi Mercredi et Vendredi : 10h-19h, Samedi : 10h-18h (espace Patrimoine 13h-18h), Dimanche : 14h-18h d'octobre à avril.",Accès à un équipement informatique
CRIJ Nouvelle Aquitaine,44.83748991,-0.5758392829,"L'information Jeunesse vise à informer tous les Jeunes sur tous les sujets en lien avec leurs démarches d'accès à l'autonomie. Le CRIJ Nouvelle Aquitaine est la tête de réseau régionale des 170 structures IJ du territoire et gère l'accueil des Jeunes sur ses trois sites de Bordeaux, Limoges et Poitiers.",125 Cours Alsace Lorraine,Association,Jeunes,05 56 56 00 56,Lundi 13h30-17h Mardi à Jeudi 10h-12h et 13h30-17h Vendredi 10h-12h et 13h30-16h30.,"Accès à un équipement informatique,Le public peut amener son propre matériel"
Le Nom Lieu,44.84041518,-0.5705175784,Le Nom Lieu est une association de l'ESS qui accompagne les Jeunes de 16 à 25 ans en situation de fragilité psychique et/ou d'exclusion sociale à partir de leurs affinités dans les domaines du numérique vers leur insertion sociale et professionnelle.,Le Node 12 rue des faussets,Tiers-lieu / Coworking / FabLab / Hackerspace,"Allocataires,Demandeurs d'emploi,Jeunes,Personnes en situation de handicap",06 25 04 92 96,"Mercredi : 9h-17h, Samedi : 10h-13h.","Accès à un équipement informatique,Le public peut amener son propre matériel"
Oxygène,44.83865367,-0.5680439008,"Nos missions s’inscrivent dans le champ de l’insertion sociale et dans la lutte contre les exclusions et l’isolement en amenant notre public, au travers de nos actions, à retisser du lien social, à retrouver confiance et estime de soi. Il s’agit de lever progressivement les freins et les obstacles à l’émergence de projets.",27-29 quai Richelieu,Association,Tout public,05 56 96 96 63,Permanences tous les Mercredi après-midi.,"Accès à un équipement informatique,Le public peut amener son propre matériel"
Philomathique de Bordeaux,44.84217764,-0.5828164271,"Centre de formation professionnelle depuis 1808 à Bordeaux, spécialisé historiquement dans les métiers d'arts et d'artisanat et qui propose depuis 2015 des formations en lien avec le numérique, et notamment le web et ses usages. Les formations sont à la fois à destination de publics demandeurs d'emplois, particuliers ou en reconversion professionnelle. Ces actions sont diplômantes ou certifiantes. De plus des actions d'intérêt général sont ouvertes à destination des associations du territoire à travers l'action ""A l'Asso du Web"".",66 rue Abbé de l'Epée,Association,Demandeurs d'emploi,05 56 52 23 26,Lundi au Vendredi : 8h30-18 h.,"Accès à un équipement informatique,Le public peut amener son propre matériel"
Abracodabra,44.83429704,-0.5862119378,"Abracodabra propose des ateliers de création numérique pour les enfants et adolescents de 4 à 15 ans. Durant les vacances scolaires ou pour des ateliers hebdomadaires, les Jeunes utilise le numérique comme un outil pour créer des robots, sites web, jeux vidéo, etc.",77 rue Lecocq,Autre / Inconnu,"Jeunes,Personnes en situation de handicap",05 57 65 75 39,Selon programme d’ateliers.,"Accès à un équipement informatique,Le public peut amener son propre matériel"
Bibliothèque Capucins / St Michel,44.83080187,-0.5670160166,"Au cœur du quartier St Michel, quartier de palabres et de saveurs, la bibliothèque met à l'honneur le théâtre et la poésie. Face au marché des Capucins, la bibliothèque vous accueille pour un temps de lecture, de rêverie... ou une simple pause, pour consulter la presse ou internet.",10-12 place des Capucins,Bibliothèque / Médiathèque,Tout public,05 56 91 18 79,"Mardi : 10h-12h/14h-18h, Mercredi et Samedi : 10h-18h, Jeudi et Vendredi : 14h-18h.","Accès à un équipement informatique,Le public peut amener son propre matériel"
Bibliothèque Flora Tristan,44.82127415,-0.5507680728,"10 fois plus grande que l’ancienne bibliothèque Son Tay, chaleureuse, équipée d’espaces multimédia, de jeux vidéo et d'une grande salle d'animation, elle propose des services numériques innovants et des collections variées pour tous.",1 place d'Armagnac,Bibliothèque / Médiathèque,Tout public,05 24 99 60 12,"Mardi : 10h-12h/14h-18h, Mercredi et Samedi : 10h-18h, Jeudi et Vendredi : 14h-18h.","Accès à un équipement informatique,Le public peut amener son propre matériel"
Bibliothèque Pierre Veilletet,44.85765109,-0.6236853355,"La bibliothèque Pierre Veilletet du quartier Caudéran a ouvert le 8 juin 2019. Elle est située sur la place Eugène Gauthier, dans un pôle regroupant un ensemble scolaire, un complexe sportif, une piscine, un skatepark, des commerces de proximité et le marché hebdomadaire. Elle a pour objectif d’être un lieu de rencontres et d’échanges accessible, convivial et confortable pour les habitants du quartier.",21 rue Domion,Bibliothèque / Médiathèque,Tout public,05 24 57 67 60,"Mardi et Vendredi : 10h-12h/14h-18h, Mercredi et Samedi : 10h-18h.","Accès à un équipement informatique,Le public peut amener son propre matériel"
Ligue de l'enseignement – Fédération de la Gironde,44.85875495,-0.4973086763,"La Ligue de l’enseignement réunit des femmes et des hommes qui agissent au quotidien pour mieux vivre ensemble, lutter contre les inégalités et pour faire vivre une démocratie plus effective. L’identité de la Ligue de l'Enseignement se fonde sur le triptyque : Démocratie - Laïcité   Education. Ces actions se déclinent en plusieurs formats : formations, animations, ateliers, évènementiels, festivals culturels, centre de ressources pour les associations affiliées, etc. Elles s adressent aussi bien aux enfants scolarisais qu’à tous les publics défavorisés, fragilisés ou discriminés, des jeunes aux Seniors.","château BétailheBètailhe , 72 avenue de l'Eglise romane",Association,"Jeunes,Personnes en situation de handicap,Séniors",05 56 44 52 25,Du Lundi au Vendredi : 9h-12h/13h30-17h.,"Accès à un équipement informatique,Le public peut amener son propre matériel"
Le Pixel Relai numérique de Cenon,44.85211271,-0.5133588069,"Le Pixel est un espace numérique ouvert à tous les publics souhaitant découvrir et s’initier aux outils multimédia. C'est un lieu d’échanges de savoirs et de communication. Le lieu propose en accès libre des ordinateurs et autres équipements (connexion internet, logiciel, scanner). Vous pouvez aussi perfectionner vos connaissances en participant à des ateliers sur des thématiques diverses (Bureautique Internet, Réseaux Sociaux, Photo ). Une équipe de médiateurs numériques vous accompagne lors de vos différentes démarches administratives.",Maison des Associations 11 rue du 8 Mai 1945,"Commune (Ville, CCAS, Centre Culturel…)",Tout public,05 56 67 80 66,"Mardi, Mercredi, Vendredi : 10h30-12h30/14h-17h30. Jeudi : 14h-17h30. Samedi :10h30-13h.","Accès à un équipement informatique,Le public peut amener son propre matériel"
Centre d'animation Bois Fleuri,44.87564154,-0.5201248029,"Le centre d'animation est une structure de proximitè pour tous à vocation sociale, familial et culturel. Un accompagnement aux démarches administratives, logement, emploi, CAF, est assurè afin de répondre au mieux aux demandes des usagers.",5 Rue des Arts,Association,"Allocataires,Demandeurs d'emploi,Jeunes,Séniors",05 47 33 05 69,"Mardi, Jeudi, Vendredi : 10h-12h.","Accès à un équipement informatique,Le public peut amener son propre matériel"
CLAP Sud-Ouest,44.87560575,-0.5198665846,"Dans sa partie DPLAI (Dispositif Permanent de Lutte de l’Analphabètisme et l’Illettrisme), le CLAP Sud Ouest association d’èvaluation linguistique de la langue française, d’accompagnement et de suivi, propose l’action SILE (Soutien Informatique Liè à l’Emploi).","1 bis, rue des Arts",Association,"Demandeurs d'emploi,Etrangers,Jeunes,Personnes en situation de handicap",05 57 77 77 20,Du Lundi au Vendredi : 9h-12h/14h-17h.,"Accès à un équipement informatique,Le public peut amener son propre matériel"
Alter Egaux,44.80650188,-0.5494198309,"Créée au printemps 2018, Alter Egaux est une micro-entreprise qui propose des services très diversifiés d'accompagnement administratif numérique et juridique aux particuliers, associations et petites entreprises.",12 rue du Marechal Joffre,Autre / Inconnu,Tout public,05 57 04 24 71,Du Lundi au Vendredi : 9h45-13h/14h30-19h30. Sur rendez-vous le Samedi matin.,"Accès à un équipement informatique,Le public peut amener son propre matériel"
Bureau Information Jeunesse de Bègles,44.80764354,-0.5475865007,"Relais du CRIJNA, c'est un lieu d'accueil, d'information, d'accompagnement des jeunes béglais concernant la découverte des métiers, l’orientation, l'emploi, le logement, la santé, la culture, la vie quotidienne.",21 rue Calixte Camelle,Association,Jeunes,05 56 49 06 34,"Hors vacances solaires : Lundi et Vendredi  :14h-17h. Mercredi : 10h-12h/14h-18h. Pendant les vacances scolaires : Lundi, Mardi, Vendredi : 14h-17. Mercredi :10h-12h/14h-17h.","Accès à un équipement informatique,Le public peut amener son propre matériel"
FabLab BEN (BORDEAUX ECOLE NUMÉRIQUE),44.80280488,-0.546547422,"Nous sommes un atelier de fabrication numérique, ouvert à toutes et tous, qui permet de prototyper, créer ou produire, dans le respect des personnes et de l’environnement. Nous cherchons à favoriser l’acquisition, la transmission et la production des savoirs et des compétences par l’expérimentation, le faire soi-même, l’échange de pairs à pairs et la pratique collective. Nous souhaitons participer, à l’apprentissage du numérique et des ces nouveaux usages vis-à-vis de nos jeunes et de nos pères, mais aussi à la lutte contre la fracture sociale et l’e-exclusion due aux inégalités d’accès au monde numérique.",09 Av du Prof BERGONIE,Tiers-lieu / Coworking / FabLab / Hackerspace,Tout public,05 56 75 97 47,"10h-12h 14h-18h du Mardi au Samedi, avec les soirées Découverte de 18h à 20h30.","Accès à un équipement informatique,Le public peut amener son propre matériel"
Fablab Cohabit,44.78898874,-0.612368968,"Le fablab Coh@bit (contraction de l'anglais Fabrication Laboratory, « laboratoire de fabrication ») est un lieu ouvert au public et dédié à la création et à la production numériques. Il est équipé de machines et d'outils de prototypage. Des projets variés s'y développent : ruches connectées, machines-outils, robots agricoles, réalité augmentée, loisir créatif ... Vous serez toujours les bienvenus au Fablab ! Dans l’univers de l’open source et du Do It Yourself, les projets appartiennent à ceux qui les font vivre !","IUT de Bordeaux 15 rue Naudet, bât 10a",Tiers-lieu / Coworking / FabLab / Hackerspace,"Allocataires,Demandeurs d'emploi,Jeunes,Personnes en situation de handicap,Séniors",05 56 84 79 61,Du Lundi au Vendredi de 10h à 18h.,"Accès à un équipement informatique,Le public peut amener son propre matériel"
PLIE Portes du Sud,44.77364566,-0.6157014551,"Le PLIE Portes du Sud (Plan Local pour l’Insertion et l’Emploi) est un dispositif destiné à favoriser le retour à l’emploi durable ou l’accès à une formation qualifiante des personnes en situation d’exclusion professionnelle. Pour atteindre ses objectifs, le PLIE met en œuvre des parcours individualisés et renforcés et mobilise les partenaires et les entreprises de son territoire d’intervention (Talence, Gradignan et Villenave d'Ornon).",7 avenue jean larrieu,Association,Demandeurs d'emploi,05 57 96 86 82,Sur rendez-vous.,Accès à un équipement informatique
Bibliothèque Pablo Neruda,44.79056907,-0.6313745216,La Bibliothèque Pablo Neruda (quartier de Saige à Pessac) met à disposition des usagers 6 ordinateurs avec un accès internet gratuit et un accès WIFI. Un photocopieur-imprimante-scan est à disposition. Des ateliers individuels permettent un accompagnement personnalisé sur les usages du numérique. La médiathèque est référencée Espace Public Numérique.,16 bis allée des mimosas,Bibliothèque / Médiathèque,Tout public,05 57 93 67 20,"Mardi, Jeudi, Vendredi : 15h30-18h30. Mercredi : 10h-12h/14h-18h30. Samedi : 10h-12h/14h-17h.","Accès à un équipement informatique,Le public peut amener son propre matériel"
Infos Jeunes Talence,44.8101292,-0.589557776,"Au service municipal Infos Jeunes, il y en a pour tous les goûts ! Interlocuteur privilégié de la jeunesse talençaise, cet espace permet à chacun de bénéficier d’une aide adaptée à ses besoins et ses envies. C'est un lieu où ils peuvent venir poser toutes les questions qui les préoccupent, des animatrices sont là pour accueillir et aider à trouver les interlocuteurs adaptés à leurs recherches.",17 avenue Espeléta,"Commune (Ville, CCAS, Centre Culturel…)",Jeunes,05 56 84 78 13,"Lundi, Mardi, Jeudi, Vendredi : 13h-18h. Mercredi : 10h-18h.","Accès à un équipement informatique,Le public peut amener son propre matériel"
Médiathèque de Thouars,44.79215338,-0.5916194378,"Ouverte à tous les inscrits du réseau des médiathèques de la ville (gratuit), la Cyber-base de Thouars met à votre disposition 3 ordinateurs équipés de casques audio, de webcams, et pourvus d’une connexion Internet haut débit, et vous propose de larges plages dédiées à la consultation libre. Un animateur est présent pour un accompagnement individualisé ""réservez un animateur"" sur rendez-vous les mardis de 16h à 18h30 et les vendredis de 15h30 à 17h.",Le Dôme 221 avenue de Thouars,Bibliothèque / Médiathèque,"Allocataires,Demandeurs d'emploi,Jeunes,Séniors",05 56 84 64 21,"Lundi, Mardi, Jeudi, Vendredi : 15h30-18h30. Mercredi : 10h-18h30.","Accès à un équipement informatique,Le public peut amener son propre matériel"
Association Le Relais Talençais,44.79662616,-0.5954243345,"Notre association gère une épicerie solidaire et propose en parallèle un accompagnement social, des ateliers et des animations aux adhérents et aux familles bénéficiaires.","25 rue du 19 Mars  Tour Chateaubriand, Appt 33",Association,Tout public,05 47 33 54 96,Lundi et Jeudi : 14h-16h sur rendez-vous.,"Accès à un équipement informatique,Le public peut amener son propre matériel"
Centre socioculturel Les Terrasses,44.84237195,-0.7793973212,"Association où coopèrent des habitants et des salariés autour d'un projet de développement social à Martignas. Elle diversifie ses ""portes d'entrées"" afin ""d'aller vers"" tous les publics. Elle accueille, accompagne les habitants pour construire des projets dans le respect des valeurs de son réseau: respect de la dignité humaine, solidarité, démocratie.",14 Avenue de Verdun Cedex 15,Centre social,Tout public,05 56 78 05 48,"Lundi : 10h-12h30/14h-18h. Mardi, Jeudi : 9h30-12h30/14h-18h30. Mercredi : 14h-18h. Vendredi : 9h30-12h30/14h-17h.","Accès à un équipement informatique,Le public peut amener son propre matériel"
Le Puzzle,44.85171864,-0.6494715568,"L'association LE PUZZLE est agréée centre social et culturel et multi-accueil. Située au sein du quartier Capeyron à Mérignac,les actions menées sont en direction de tous les publics. La référente famille CESF, est à même d'orienter le public sur les questions d'accès aux droits et de parentalité. L'équipe d'animation accueille les enfants de 3 à 17 ans sur des temps de loisirs et d'accompagnement à la scolarité. Nous hébergeons une bibliothèque dans les murs. Des ateliers de français pour étrangers sont dispensés à environ 200 personnes par an. De nombreuses activités de loisirs sont proposées également.",Rue Jean Giono,Association,Tout public,05 56 12 17 80,Lundi au Vendredi : 8h30-12h15/13h30-18h.,Accès à un équipement informatique
Association Socioculturelle de l'Ouest (ASCO),44.89390995,-0.7493628595,"L'Association SocioCulturelle de l’Ouest (ASCO) est un lieu d'initiatives portées par les habitants et accompagnées par une équipe salariée / bénévoles. L’association est agréée centre social par la CAF depuis 2009. Cet agrément implique la mise en oeuvre d’un projet social portant sur l’animation sociale des quartiers Ouest, la participation active des habitants, une veille sociale auprès des publics fragilisés, une attention particulière pour les familles et la mise en place d’actions partenariales.",104 avenue Anatole France,Association,Tout public,05 56 95 99 16,Lundi au Vendredi : 14h à 18h.,"Accès à un équipement informatique,Le public peut amener son propre matériel"
Atelier Remuménage,44.82961892,-0.5682347328,"L'Atelier Remuménage est une association girondine, basée dans le quartier Saint-Michel/Capucins, qui propose des services de déménagement et transport, solidaires et écologiques. Acteur depuis 20 ans dans l'Economie Sociale et Solidaire, l'association est en partenariat avec les acteurs sociaux du territoire. L'association est également reconnu Atelier Chantier d'Insertion depuis 2015. Elle accompagne 26 personnes éloignées de l'emploi dans leurs parcours socioprofessionnels.Depuis 2019, elle participe au programme Quartiers numériques, et propose des ateliers pour les personnes qui en ont besoin.",5 cours de l'Yser,Association,Tout public,05 56 92 80 35,Du Lundi au Vendredi : 09h-12h30/.13h30-18h.,Accès à un équipement informatique
Centre d'animation Bacalan,44.8795887,-0.5431822514,"Le centre d’animation Bacalan fait partie de l’association Centres d’animation de Bordeaux, association républicaine d’animation socioculturelle, loi 1901. À ce titre, son action se fonde sur un ensemble de valeurs et de principes et est guidée par ses textes fondateurs dont ses statuts et son projet associatif. Agréée jeunesse et éducation populaire et agréé Centre Social, le centre œuvre avec toutes et tous afin de contribuer à l’émancipation des personnes qu’elle accueille en promouvant une éducation tout au long de la vie et l’égale reconnaissance des savoirs, savoir-faire et savoir-être.",139 rue Joseph Brunet,Association,Tout public,05 56 50 82 18,Mardi et Vendredi : 14h-18h Mercredi  : 9h-13h/14h-18h30 Jeudi : 9h-13h/15h-19h30,"Accès à un équipement informatique,Le public peut amener son propre matériel"
Maison des femmes de Bordeaux,44.83795291,-0.569515587,"Deux ordinateurs sont mis à disposition des femmes. Isabelle, chargée de l'insertion à la Maison des Femmes, vous accompagne dans vos démarches administratives.",27 cours Alsace Lorraine,Association,"Allocataires,Demandeurs d'emploi,Jeunes,Personnes en situation de handicap",05 56 51 30 95,Lundi au Vendredi : 14h-18h.,"Accès à un équipement informatique,Le public peut amener son propre matériel"
Amicale Laïque de Bacalan,44.87403054,-0.5461466384,"Association issue de l'Education Populaire, ouverte à tous pour l'épanouissement de chacune et chacun. Evénements culturels, ateliers culturels et sportifs, périscolaire, médiation, accompagnement des publics, lieu d'accueil des habitants et des associations.",5 rue Joseph Brunet,Association,Tout public,05 56 50 85 60,"Lundi : 15h-21h, Mardi Mercredi Jeudi Vendredi : 14h-21h.","Accès à un équipement informatique,Le public peut amener son propre matériel"
Bibliothèque Bacalan,44.87313396,-0.5462823944,"Bien amarrée au territoire de Bordeaux Maritime, la bibliothèque Bacalan vous attend en famille, autour de rencontres, d'expositions ou d'ateliers... Demandez le programme ! Pour lire, travailler, vous informer ou vous détendre, la bibliothèque met à votre disposition 4 postes Internet et plus de 20 places assises.",196 rue Achard,Bibliothèque / Médiathèque,Tout public,05 56 50 87 02,"Mardi : 10h-12h/14h-18h, Mercredi et Samedi : 10h-18h, Jeudi et Vendredi : 14h-18h.","Accès à un équipement informatique,Le public peut amener son propre matériel"
Centre d'animation Bordeaux Lac,44.87254679,-0.5725183332,"Animation socioculturelle en direction des enfants et Jeunes de 3 à 17 ans et de leurs familles. (activités péri et extra scolaires + Sorties, séjours période scolaire et vacances + accompagnement à la scolarité) Accueil et accompagnement des familles : Accès aux droits (permanences sociales avec partenaires), sorties, séjours. Développement social local par animations de quartier et soutien aux initiatives locales.",79 cours des Aubiers,Association,"Allocataires,Demandeurs d'emploi,Jeunes,Personnes en situation de handicap,Séniors",05 56 50 47 73,"Lundi, Mardi et Vendredi : 13h30-18h30, Mercredi : 9h-12h/13h30-18h30, Jeudi : 9h-12h/ 13h30-17h.","Accès à un équipement informatique,Le public peut amener son propre matériel"
Centre social et familial Bordeaux Nord,44.86022846,-0.5621061925,"Accueil des habitants du quartier pour participer à des activités de loisirs et de soutien scolaire pour les enfants des activités d'insertion sociale, professionnelle et de solidarité pour les adultes.",58 rue Joséphine,Centre social,Tout public,05 56 39 46 72,Du Lundi au Vendredi : 9h-12h30/14h-18h30.,"Accès à un équipement informatique,Le public peut amener son propre matériel"
Bibliothèque Grand Parc,44.83943512,-0.5932567894,"Dans sa rotonde centrale, elle accueille les œuvres de nombreux artistes peintres et sculpteurs : vous y découvrirez chaque mois des expositions d’art contemporain. Située au cœur du quartier Grand Parc, en bordure de Caudéran, du Jardin Public et des Chartrons, la bibliothèque vous offre un équipement culturel dynamique.",34 rue Pierre Trébod,Bibliothèque / Médiathèque,Tout public,05 56 50 28 35,"Mardi : 10h-12h/14h-18h, Mercredi et Samedi : 10h-18h,Jeudi et Vendredi : 14h-18h.",Accès à un équipement informatique
CCAS de Bordeaux,44.83820431,-0.5823166271,"Le CCAS de Bordeaux (Centre Communal d'Action Sociale), établissement public, met en oeuvre les solidarités et organise l'aide sociale au profit des Bordelais. A ce titre il lutte contre les exclusions en accompagnant l'attribution de l'aide sociale légale, en dispensant une aide sociale facultative selon la politique d'action sociale de la commune. Coordonnant les acteurs du territoire il porte des actions innovantes pour lutter contre les précarités. Le CCAS de Bordeaux n'assure pas un accompagnement numérique mais a un soutien numérique aux usagers dans le cadre de la dématérialisation des procédures.",4 rue Claude Bonnier,"Commune (Ville, CCAS, Centre Culturel…)",Tout public,05 57 89 39 39,Lundi au Vendredi : 8h30-18h.,Accès à un équipement informatique
GEM Grain de Café,44.8384732,-0.5685421881,Association qui a pour objet de soutenir et de promouvoir la participation sociale et la citoyenneté des personnes isolées et/ou en souffrance psychique.,6 rue Ausone,Association,Tout public,05 56 81 93 22,Lundi au Vendredi : 14h-17h.,"Accès à un équipement informatique,Le public peut amener son propre matériel"
La Ressourcerie,44.8424831,-0.5724629296,"Un lieu de vie au cœur de Bordeaux pour se ressourcer ensemble et prendre du temps pour soi. Conçue à l’origine pour les personnes accompagnant un proche, la Ressourcerie est ouverte à tous. Vous trouverez ici du répit, de l’entraide et de l’envie d’agir pour vous ressourcer.",21 Cours du Chapeau Rouge,Autre / Inconnu,"Jeunes,Séniors",05 47 74 32 61,"Lundi : 14h-18h30, Mardi, Mercredi, Jeudi, Vendredi : 10h-18h.","Accès à un équipement informatique,Le public peut amener son propre matériel"
Pôle Emploi Gironde - Bordeaux Mériadeck,44.83806664,-0.588190718,"Accueille et accompagne toute personne à la recherche d'un emploi, d'une formation, d'un conseil professionnelle, d'une aide à la mobilité ou à l'insertion sociale et professionnelle.Indemnise les personnes relevant de l'assurance-chômage. Conseille et accompagne les entreprises dans leurs recrutements. Relaie les politiques publiques en relation avec ses missions.",1 Terrasse du Front du Médoc,Pôle Emploi,Demandeurs d'emploi,3949,Réception sans rendez-vous les matin du Lundi au Vendredi de 8h30 à 12h30 et sur rendez-vous les après-midi sauf le Jeudi.,Accès à un équipement informatique
Groupement des Intellectuels Aveugles ou Amblyopes,44.82228161,-0.5665302877,"Le G.I.A.A Aquitaine a pour vocation l’aide aux personnes déficientes visuelles. Nos activités : soutien d’étudiants déficients visuels par la fourniture à la demande de documents numérisés accessibles, gestion d’une bibliothèque sonore (plus de 12 000 ouvrages audio (au format MP3), cours d’informatique adapté, cours de braille, soutien psychologique, aide aux démarches administratives et accompagnement vers l’emploi.",14 rue de la Réole,Association,"Allocataires,Demandeurs d'emploi,Jeunes,Personnes en situation de handicap,Séniors",05 56 31 48 48,Du Lundi au Jeudi : 9h-17h30.,"Accès à un équipement informatique,Le public peut amener son propre matériel"
Pôle Emploi Gironde - Bordeaux St Jean,44.82710581,-0.5541964794,"Accueille et accompagne toute personne à la recherche d'un emploi, d'une formation, d'un conseil professionnelle, d'une aide à la mobilité ou à l'insertion sociale et professionnelle.Indemnise les personnes relevant de l'assurance-chômage. Conseille et accompagne les entreprises dans leurs recrutements. Relaie les politiques publiques en relation avec ses missions.",4 rue Bac Ninh,Pôle Emploi,Demandeurs d'emploi,3949,Réception sans rendez-vous les matin du Lundi au Vendredi de 8h30 à 12h30 et sur rendez-vous les après-midi sauf le Jeudi.,Accès à un équipement informatique
Pôle Emploi Gironde - Bordeaux Bastide,44.83804603,-0.5551320982,"Accueille et accompagne toute personne à la recherche d'un emploi, d'une formation, d'un conseil professionnelle, d'une aide à la mobilité ou à l'insertion sociale et professionnelle.Indemnise les personnes relevant de l'assurance-chômage. Conseille et accompagne les entreprises dans leurs recrutements. Relaie les politiques publiques en relation avec ses missions.",4 rue René Buthaut,Pôle Emploi,Demandeurs d'emploi,3949,Réception sans rendez-vous les matin du Lundi au Vendredi de 8h30 à 12h30 et sur rendez-vous les après-midi sauf le Jeudi.,Accès à un équipement informatique
APF France handicap Délégation Gironde,44.85537183,-0.6327575738,"Association de défense des droits des personnes en situation de handicap. Des missions associatives et militantes au sein de la délégation de Gironde. 400 adhérents, 125 bénévoles, 6 salariés, un Conseil APF de Département de 9 membres élus pour un mandat de 4 ans missionné entre autre.s, pour la mise en œuvre de notre projet associatif ""Pouvoir d'agir, pouvoir choisir"".",30 rue Delacroix,Association,"Demandeurs d'emploi,Jeunes,Personnes en situation de handicap,Séniors",05 56 08 67 30,Du Lundi au Vendredi : 9h30-12h/14h-17h30.,"Accès à un équipement informatique,Le public peut amener son propre matériel"
MJC CL2V,44.84544702,-0.6305453057,"Association d'éducation populaire, la MJC CL2V est agréée centre social. Les valeurs de l'association sont : Respect, Solidarité, Citoyenneté. C'est un espace de loisirs, de rencontres, de partage, ouvert à tous.",11 rue Erik Satie,Association,Tout public,05 56 97 40 00,"Lundi : 9h-12h30/14h-19h, Mardi : 9h-12h30/13h30-18h30, Mercredi : 8h30-13h00/13h30-19h, Jeudi 8h30-12h30/14h-18h30, Vendredi : 8h30-12h/13h30-16.","Accès à un équipement informatique,Le public peut amener son propre matériel"
Médiathèque François Mitterrand,45.01175429,-0.5326990857,"La médiathèque François Mitterrand est un service public municipal mis à la disposition de tous. Ce lieu donne accès à différents types de médias, permettant la consultation sur place et à domicile pour tous les âges, ainsi que de nombreux services (espace public numérique., animation, ateliers). Attention : La bibliothèque est en travaux jusqu’en janvier 2021. L’accompagnement au numérique. est possible uniquement sur rendez-vous.",5 avenue du Dr Gustave Couaillac,Bibliothèque / Médiathèque,"Allocataires,Séniors",05 56 77 02 69,Sur rendez-vous jusqu’en janvier 2021 (travaux en cours).,Accès à un équipement informatique
CCAS de la Ville d'Artigues-près-Bordeaux,44.85875495,-0.4973086763,"Le Centre Communale d'Action Sociale de la Ville d'Artigues-près-Bordeaux propose depuis 3 ans des ateliers numériques gratuits à destination des Seniors de + de 55 ans, ainsi qu'un accompagnement sociale des personnes en situation précaire.","château Bétailhe, 72 avenue de l'Eglise romane","Commune (Ville, CCAS, Centre Culturel…)","Allocataires,Etrangers,Personnes en situation de handicap",05 56 74 02 23,Du Lundi au Vendredi : 8h30-12h/13h30-17h.,"Accès à un équipement informatique,Le public peut amener son propre matériel"
Unisphères,44.8588688,-0.5240029768,"UNISPHERES est une association pluridisciplinaire de Mèdiation et de Dèveloppement Artistique, Culturel et Numèrique qui dèploie son projet a travers 6 pôles d activitès : Action Culturelle, Mèdiation, Accompagnement, Formation, Crèation, Evènements.",Château de Palmer - Rue Aristide Briand,Association,"Demandeurs d'emploi,Jeunes,Personnes en situation de handicap",06 22 33 21 42,Du Lundi au Vendredi : 10h-18h.,"Accès à un équipement informatique,Le public peut amener son propre matériel"
Fabrique Citoyenne,44.84633691,-0.5102829398,"La Fabrique citoyenne, nèe de l'ancienne Mairie annexe, a ouvert ses portes en septembre 2018. Elle est situèe au coeur d'un quartier prioritaire en plein renouvellement urbain. C'est une structure qui accompagne les usagers dans leurs démarches administratives, qu'elles soient numèriques ou papier. Ce lieu a aussi vocation à accueillir les usagers qui ont juste envie d'un cafè, pour tisser le lien social avec les autres habitants et sortir de l'isolement. C'est aussi un lieu qui accueille diffèrentes permanences pour l'accès aux droits des usagers. La Fabrique c'est aussi le siège des démarches participatives.",CC de Dravemont Rue Salvador Allende,"Commune (Ville, CCAS, Centre Culturel…)",Tout public,05 57 80 97 87,Lundi au Vendredi : 8h30-17h.,"Accès à un équipement informatique,Le public peut amener son propre matériel"
LESCAN,44.8376048,-0.5073942942,"Proposer des formations et des activitès de crèation artistiques et numèriques : musique, thèètre, photographie, vidèo, etc. Proposer des activitès d’exploration du monde mèdiatique : ateliers d’èducation aux mèdias, dècryptage journalistique, courts mètrages et documentaires. Promouvoir les valeurs communes du vivre ensemble, les relations intergènèrationnelles et la mixitè sociale. Rendre accessibles, les technologies numèriques au plus grand nombre, lutter contre l'illectronisme. Accompagner tous les publics (particuliers, associations, collectivitès, structures publiques et privèes)",rue Marcel Cerdan,Association,Tout public,,Du Lundi au Vendredi :09h-18h.,"Accès à un équipement informatique,Le public peut amener son propre matériel"
M.270,44.83642478,-0.5317075907,Espace multimédia rèalisant de l'accompagnement et de la formation.,11 Avenue Pierre Curie,"Commune (Ville, CCAS, Centre Culturel…)",Tout public,05 57 80 90 60,Du Mardi au Samedi : 9h-12h/14h-18h30.,"Accès à un équipement informatique,Le public peut amener son propre matériel"
UNIRE Centre Social,44.84448301,-0.5094062425,"Le Centre Social et l'Equipement de Vie Sociale gèrès par l'association UNIRE, proposent sur le territoire de Floirac un accompagnement social et culturel des habitants : soutien à la parentalitè, animation loisirs, développement vie locale, apprentissage du français, accompagnement au numèrique, insertion sociale et professionnelle.",1 rue Voltaire,Association,Tout public,05 56 32 63 91,Du Lundi au Vendredi : 9h-12h30/14h-18h.,"Accès à un équipement informatique,Le public peut amener son propre matériel"
DIDEE - Centre social et culturel Carriet,44.88274686,-0.5254375557,"Animation de la vie sociale sur le quartier de Carriet à Lormont. Le centre accompagne les habitants sur des projets de dèveloppement local divers et variés : jardin partagé, soirées culturelles, dressing solidaire, maison des savoirs, ateliers cuisine, ... La structure a un ancrage dans le quartier et un lien fort avec les familles au travers également de l'accompagnement à la scolaritè et le centre de loisirs. Permanences d'accès aux droits (écrivains publics, numérique)","4, rue Jacques Thibaud",Centre social,Tout public,05 35 14 01 86,"Du Lundi au Vendredi 9h-12h30/14h-17h30 (sauf le jeudi matin).* attention horaires suspendus depuis le dèbut du confinement, accueil uniquement sur rendez-vous.","Accès à un équipement informatique,Le public peut amener son propre matériel"
Médiathèque du Bois Fleuri,44.87660388,-0.5219386337,"Situèe au coeur du Pôle culturel et sportif du Bois fleuri, la Médiathèque est un outil documentaire de pointe. Innovant tant sur le plan architectural que culturel, spacieuse et moderne, baignée de lumière naturelle, la Médiathèque invite à l inspiration et à la dètente.",1 rue Lavergne,Bibliothèque / Médiathèque,Tout public,05 56 74 59 80,Mardi et Vendredi : 15h-19h. Mercredi : 10h-12h30/15h-19h. Samedi : 10h-12h30/13h30-17h.,"Accès à un équipement informatique,Le public peut amener son propre matériel"
Bibliothèque de Bègles,44.80568003,-0.5430795316,La Bibliothèque de Bègles dispose d'un espace numérique de 10 postes fixes et accès Wi-Fi. Des ateliers d'initiations pour les publics adultes et de découverte des pratiques numériques pour les plus jeunes.,58 avenue du Maréchal de Lattre de Tassigny,Bibliothèque / Médiathèque,Tout public,05 56 49 54 81,Mardi : 16h-19h. Mercredi : 10h30-18h. Jeudi : 15h-18h. Vendredi : 15h-18h. Samedi : 10h30-18h.,"Accès à un équipement informatique,Le public peut amener son propre matériel"
ASTI-Pessac (Association de Solidarité avec Tous les Immigrés,44.79040943,-0.6311895972,"Association d'aide à l'intégration sociale  des populations issues de l'immigration  et peu autonomes : accompagnement juridique (droit des étrangers : titres de séjour, visas, naturalisation,...), socio-administratif et vie quotidienne (CAF, Pole Emploi,CPAM,.../ téléphonie, assurances, rendez-vous médicaux,...), accompagnement socio-professionnel (CV, lettres de motivations, liens avec les acteurs de l'emploi ou les employeurs,...), démarches liées à la scolarité.",Maison municipale de saige - allée des mimosas,Association,Tout public,05 56 15 30 26,"Juridique, socio-administratif et vie quotidienne :  permanences Lundi, Mercredi et Vendredi : 10h30-12h30/15h30-17h30. Mardi et Jeudi : 16h-18h. Autres horaires possibles sur rendez-vous. Accompagnement socio-professionnel et scolarité sur rendez-vous.",Accès à un équipement informatique
ADAV33,44.81773765,-0.5806745413,"Nous disposons d'une borne tactile ainsi que de tablettes pour accompagner les gens dans leur accès au droit par le numérique. Cette démarche est accompagnée par une personne en service civique sous forme de : - permanences à l'accueil sur les horaires d'ouverture de l'ADAV33,- rendez-vous individuels,- ateliers collectifs.",91 Rue de la République,Association,Tout public,05 56 04 13 75,Durant l’année : ouverture tous les matins de 8h45 à 12h15 + Lundi et Jeudi après-midi de 13h45 a 16h30. En période de vacances scolaires : tous les matins de 8h45 à 12h15.,Accès à un équipement informatique
CCAS de Talence,44.80899363,-0.5879229878,"Chargée de mener une action générale de soutien aux personnes et de développement social sur la commune, la structure accompagne socialement les foyers talençais sans enfant mineur à charge, décline des prestations d'aide à domicile à l'attention des personnes âgées et des personnes porteuses d'un handicap, propose aux familles des solutions d'accueil pour les 0-3 ans.",Rue du Professeur Arnozan,"Commune (Ville, CCAS, Centre Culturel…)","Allocataires,Jeunes,Personnes en situation de handicap,Séniors",05 56 84 78 71,Du Lundi au Mercredi : 12h30-19h00. Jeudi et Vendredi : 8h30-12h/13-16h30.,Accès à un équipement informatique
Service Municipal Emploi Ville de Talence,44.81040673,-0.589569365,"Le service municipal de l'emploi de la Ville de Talence a pour mission : d'accompagner les demandeurs d'emploi de la commune dans le cadre de leur recherche d'emploi, de proposer et d'animer des actions favorisant l'insertion professionnelle des demandeurs d'emploi, de faire du lien entre les personnes en recherche d'emploi et les entreprises en phase de recrutement, de coordonner et d'animer le réseau des partenaires de l'emploi du territoire",23 Avenue Espeleta,"Commune (Ville, CCAS, Centre Culturel…)",Jeunes,05 56 84 78 95,"Lundi, Mardi, Mercredi : 8h30-12h30/13h30-17h. Jeudi : 10h30-12h30/13h30-17h. Vendredi : 8h30-12h30/13h30-16h15.",Accès à un équipement informatique
L'Eycho du Bourg M3E,44.88585957,-0.6504278021,"L'Eycho est un lieu d'animation et de vie sociale à vocation familiale, pluri-générationnelle et donc ouvert à tou(te)s! Organisé en 4 pôles situés au cœur des quartiers Eysinais, Il propose des projets, des ateliers, des activités et des moments conviviaux à partager tout au long de l'année. Les actions de l'Eycho sont conçues avec les habitants et à partir de leurs attentes dans les domaines du sport, de la culture, des loisirs, du multimédia, de l'action sociale, de l'emploi, de la solidarité ou encore du développement durable.",2 avenue de Verdun,"Commune (Ville, CCAS, Centre Culturel…)",Tout public,05 56 28 92 17,"Lundi 10h-12h30/14h-18h, Mardi Mercredi Jeudi 10h-12h30/14h-17h15, Vendredi 14h-17h15","Accès à un équipement informatique,Le public peut amener son propre matériel"
L'Eycho de la Forêt,44.86376087,-0.6438016538,"L'Eycho est un lieu d'animation et de vie sociale à vocation familiale, pluri-générationnelle et donc ouvert à tou(te)s! Organisé en 4 pôles situés au cœur des quartiers Eysinais, Il propose des projets, des ateliers, des activités et des moments conviviaux à partager tout au long de l'année. Les actions de l'Eycho sont conçues avec les habitants et à partir de leurs attentes dans les domaines du sport, de la culture, des loisirs, du multimédia, de l'action sociale, de l'emploi, de la solidarité ou encore du développement durable.",10 rue Marguerite Duras,"Commune (Ville, CCAS, Centre Culturel…)",Tout public,05 56 28 90 76,"Lundi 10h-13h/14h-18h, Mardi Mercredi Jeudi 10h-13h/14h-19h, Vendredi 15h-19h, Samedi 14h-18h.","Accès à un équipement informatique,Le public peut amener son propre matériel"
Ricochet,44.86910565,-0.5784161047,"L'association Ricochet est un lieu d'initiatives porté par des habitants. Espace de création sociale et de participation citoyenne, elle réunit des personnes de toutes générations autour de valeurs communes. Ricochet est un partenaire de la vie de la ville du Bouscat et souhaite porter une attention toute particulière et contribuer au développement social local de l'est du Bouscat, de l'avenue de la Libération à la Place Ravezies. Depuis le 1er janvier 2019, l'association Ricochet est agréée centre social par la CAF de la Gironde.",8 rue Condorcet,Association,"Allocataires,Jeunes,Personnes en situation de handicap,Séniors",05 56 07 20 48,"Sur rendez-vous le : Mardi, Mercredi, Vendredi et Samedi 11h-12h30/14h-19h. Jeudi : 16h30-20h accès sans rendez-vous.","Accès à un équipement informatique,Le public peut amener son propre matériel"
Centre Socioculturel La Source,44.86361317,-0.6710970766,"La Source est un équipement de proximité porté par des habitants engagés, accompagnés par une équipe de professionnels au service de leurs projets. Le centre participe à la vie du territoire en soutenant les initiatives locales autour du vivre ensemble et de la citoyenneté. Il soutient les habitants de tous âges et les familles en proposant des actions relatives à la parentalité, des loisirs éducatifs, de l'accompagnement aux démarches administratives et d'accès aux droits ainsi qu'au montage de projet. Il accueille également des partenaires autour du logement, de l’accompagnement social, et de l'alphabétisation.",58 rue Edmond Rostand,Centre social,Jeunes,05 56 34 94 10,"Lundi : 14h-18h. Mardi, Mercredi, Jeudi, Vendredi : 9h-12h/ 14h-18h.",Accès à un équipement informatique
Médiathèque du Taillan-Médoc,44.91146638,-0.6813065881,"Au cœur du Pôle Culturel de la Haye, la culture se livre ici dans un véritable écrin de verdure. Sur plus de 1500m2, profitez d’un choix de plus de 30 000 documents, au gré d’espaces chaleureux et accueillants, où l’équipe de la médiathèque vous accompagnera dans vos découvertes.",8 rue de Calavet,Bibliothèque / Médiathèque,"Allocataires,Séniors",05 56 35 60 96,Mardi : 14h-18h. Mercredi : 10h-18h. Vendredi : 14h-18h. Samedi : 10h-17h.,Accès à un équipement informatique
AGIRabcd (Association Générale des Intervenants Retraités actions de bénévoles de coopération et de développement),44.84580056,-0.6547196569,L’Association Générale des Intervenants Retraités met les compétences de ses bénévoles au service du public en difficulté.,55 avenue du Maréchal de Lattre de Tassigny,Association,Séniors,05 57 00 15 10,Lundi au Vendredi : 9h-17h.,"Accès à un équipement informatique,Le public peut amener son propre matériel"
Arts et Loisirs d'Arlac - Centre Socioculturel,44.82323349,-0.6237266932,"Le centre socioculturel Arts et Loisirs d’Arlac est une association à but non lucratif, agréée d’Education Populaire. Elle fonctionne grâce à tous ses adhérents, des administrateurs élus lors de l’Assemblée Générale annuelle, ses nombreux bénévoles et une équipe de salariés.",14 rue Marcel,Centre social,Tout public,05 56 99 55 33,Lundi : 14h-19h. Mardi : 10h-12h/14h-19h. Mercredi : 9h30-12h/14h-17h30. Jeudi : 10h30-12h/14h-19h. Vendredi : 10h-12h/14h-19h. Samedi : 9h30-12h.,"Accès à un équipement informatique,Le public peut amener son propre matériel"
Bureau Information Jeunesse Mérignac,44.84203534,-0.6465474676,"Le BIJ est un lieu d'accueil, d'information, de conseil et d'accompagnement aux projets pour : l’orientation, l’insertion, la recherche d’emploi : aide à la rédaction de CV et de lettre de motivation, les dispositifs d’aide ou projets de mobilité. Le BIJ propose au public différents services : accès à des postes informatiques, imprimante, scanner, photocopieuse ainsi que de la documentation et d’autres outils d’information.",Place Charles de Gaulle,Association,"Etrangers,Jeunes,Personnes en situation de handicap",05 57 00 02 40,Mardi et Vendredi : 14h-18h. Mercredi : 10h-13h/14h-18h. Jeudi : 14h-17h. Samedi : 10h-13h/14h-17h.,"Accès à un équipement informatique,Le public peut amener son propre matériel"
ConfluenceS,44.86435609,-0.725727941,"ConfluenceS est l'association qui regroupe l'Espace de Vie Sociale de Feydit (quartier de Corbiac), le centre social de la Maison d'Animation des Jalles (quartiers de Magudas et Caupian) et l'Espace de Vie Sociale de La Ruche (quartiers du centre-ville et Gajac). Elle accueille les familles des quartiers Est de la ville de Saint-Médard-en-Jalles.",11 rue du Commandant Charcot,Association,Tout public,05 56 05 82 19,Lundi au Jeudi : 8h30-12h30/13h30-18h00.,Accès à un équipement informatique
La Ruche – ConfluenceS,44.89342458,-0.714179885,L'association ConfluenceS regroupe 1 centre social et 2 Espaces de Vie Sociale sur Saint-Médard-en-Jalles. L'Espace de Vie Sociale de La Ruche y développe des projets d'animation de la vie locale en centre-ville.,23 rue Henri Martin,Association,"Tout public,Allocataires,Demandeurs d'emploi,Etrangers,Jeunes,Personnes en situation de handicap,Séniors",06 49 28 88 73,Ateliers informatiques : Mardi et Jeudi : 14h-16h. Permanences administratives : Mardi et Jeudi : 17h-19h.,Accès à un équipement informatique
Médiathèque de Saint-Médard-en-Jalles,44.89269636,-0.714965823,"Les Médiathèques vous proposent des livres, BD et mangas, CD et DVD, partitions et instruments de musique, jeux vidéo et jeux traditionnels, journaux et revues, un espace d’autoformation, deux espaces multimédia et des ressources numériques pour toute la famille. Vous y trouverez aussi une programmation culturelle riche et variée, renouvelée chaque mois.",Place de la République,Bibliothèque / Médiathèque,"Allocataires,Demandeurs d'emploi,Jeunes,Séniors",05 57 93 18 50,"Mardi, Jeudi et Vendredi : 14h30-18h. Mercredi : 10h-19h. Samedi : 10h-18h.","Accès à un équipement informatique,Le public peut amener son propre matériel"
Maison de quartier Feydit,44.86971942,-0.7028107529,"L'association "" Centre d'animation de Feydit "", créée en décembre 1992, est une association de quartiers (secteurs EST de Saint-Médard-en-Jalles) dont les buts visent principalement la création de liens entre les habitants le dialogue et la solidarité entre générations, la possibilité pour chacun de s'exprimer et l'animation d'un centre d'accueil pour les jeunes. Les activités proposées par Feydit concernent toutes les classes d'âges.",60 route de Feydit,Maison de quartier,Séniors,05 56 05 49 32,Jeudi 14h-16 Point relais CAF.  Ponctuellement le Vendredi 14h-16h.,"Accès à un équipement informatique,Le public peut amener son propre matériel"
Atelier Giono,44.84548673,-0.5629192084,"Les ateliers Brach et Giono de la ville de bordeaux dispensent des activités d'apprentissage tout le long de l'année aux personnes âgées de 60 ans, par le biais des intervenants professionnels Des cours d'informatiques sont donnés sous un format de stage de 3h à 6h autour  de différentes thématiques . Les tarifs d'un stage de 3h, établis en fonction des résidents bordelais, s'échelonnent  de 3 à 11 euros. Un forfait de 13 euros est appliqué aux seniors non domiciliés sur Bordeaux",Maison Polyvalente Coeur de Bastide 13 allée Jean Giono,"Commune (Ville, CCAS, Centre Culturel…)",Séniors,05 24 57 65 04,Lundi au Vendredi : 9h à 12 h et de 14h à 17h,"Accès à un équipement informatique,Le public peut amener son propre matériel"
Ludo-Médiathèque de Saint-Médard-en-Jalles,44.90026279,-0.7449929129,"Les Médiathèques vous proposent des livres, BD et mangas, CD et DVD, partitions et instruments de musique, jeux vidéo et jeux traditionnels, journaux et revues, un espace d’autoformation, deux espaces multimédia et des ressources numériques pour toute la famille. Vous y trouverez aussi une programmation culturelle riche et variée, renouvelée chaque mois.","26, rue Aurel Chazeau",Bibliothèque / Médiathèque,"Allocataires,Demandeurs d'emploi,Jeunes,Séniors",05 56 01 40 85,Mardi et Vendredi : 14h30-18h. Mercredi : 10h-19h. Samedi : 10h-18h.,"Accès à un équipement informatique,Le public peut amener son propre matériel"
L'Eycho du Vigean,44.88064855,-0.6353870677,"L'Eycho est un lieu d'animation et de vie sociale à vocation familiale, pluri-générationnelle et donc ouvert à tou(te)s! Organisé en 4 pôles situés au cœur des quartiers Eysinais, Il propose des projets, des ateliers, des activités et des moments conviviaux à partager tout au long de l'année. Les actions de l'Eycho sont conçues avec les habitants et à partir de leurs attentes dans les domaines du sport, de la culture, des loisirs, du multimédia, de l'action sociale, de l'emploi, de la solidarité ou encore du développement durable.","Grand Caillou, Bât 11","Commune (Ville, CCAS, Centre Culturel…)",Tout public,09 81 03 92 43,"Lundi 10h-12h30/14h-17h, Mardi Mercredi Jeudi 9h-12h30/14h-19h, Vendredi 14h-18h, Samedi 14h-18h","Accès à un équipement informatique,Le public peut amener son propre matériel"
UDAF de la Gironde,44.8496867,-0.5822960163,"L'Union Départementale des Associations Familiale de Gironde est une association d'utilité publique dont la mission est de représenter les familles en défendant les intérêts de ces dernières. Dans le cadre des actions proposées aux familles, elle anime des ateliers de codage informatique pour les enfants et leurs parents afin de favoriser la formation à l'usage responsable du numérique et la relation intergénérationnelle.",25 rue Francis Martin,Association,Jeunes,05 56 01 42 19,Réception du public sur rendez-vous.,Accès à un équipement informatique
Bibliothèque Bordeaux Lac,44.87381975,-0.5723575007,"Au cœur de la cité arborée des Aubiers, la bibliothèque accompagne les familles et participe à la réflexion sur les changements urbains et architecturaux de ce quartier en pleine mutation. La bibliothèque met à votre disposition quatre postes Internet et des tables de travail.",Place Ginette Neveu,Bibliothèque / Médiathèque,Tout public,05 56 50 97 95,"Mardi : 10h-12h/14h-18h, Mercredi et Samedi : 10h-18h, Jeudi et Vendredi : 14h-18h.",Accès à un équipement informatique
Cap Sciences / Fab Lab du 127°,44.85967425,-0.5548409419,"Cap Sciences est un Centre de Culture Scientifique, Technique et Industrielle (CCSTI) qui a pour mission de diffuser la culture scientifique auprès du plus grand nombre. Ouvert au sein du Hangar 20 sur les quais, le Fab Lab du 127° est un lieu dédié à la fabrication numérique. Imprimantes 3D, découpes lasers ou vinyle, le Fab Lab propose un accès à des outils de fabrication numérique, un espace de travail et l'accompagnement d'une équipe de Fab managers. Ateliers, stages, projets, évènements rythment la programmation annuelle du lieu, accessible gratuitement sur certains rendez-vous (ateliers découverte, Open Labs) ou sur tarification ou abonnement pour les usagers plus réguliers.",quai de Bacalan,Tiers-lieu / Coworking / FabLab / Hackerspace,"Allocataires,Demandeurs d'emploi,Jeunes,Personnes en situation de handicap,Séniors",05 56 01 07 07,"Le Fab Lab est ouvert à 18h30 les Mercredis ""Open lab"" (gratuit), Jeudi et Vendredi : 14h-18h, Samedi et Dimanche : 14h-19h.",Accès à un équipement informatique
CLAP Sud-Ouest,44.87125383,-0.5471219313,"Dans sa partie DPLAI (Dispositif Permanent de Lutte de Analphabétisme et l’Illettrisme), le CLAP Sud Ouest association d'évaluation linguistique de la langue française, d'accompagnement et de suivi, propose l'action SILE (Soutien Informatique Lié à l'Emploi).","176, rue Achard Bât D",Association,"Demandeurs d'emploi,Etrangers,Jeunes",05 56 43 00 99,Du Lundi au Vendredi : 9h-12h/14h-17h.,"Accès à un équipement informatique,Le public peut amener son propre matériel"
CPAM de la Gironde - Europe,44.85984192,-0.5795962009,"Les principales missions de la CPAM : gérer les droits à l'assurance maladie des assurés sociaux, verser les prestations dues à chaque assuré, appliquer le plan d'action relatif à la gestion du risque en relation avec les professionnels de santé ; mettre en œuvre les campagnes de prévention, mettre en œuvre la politique d’action sanitaire et sociale par des aides individuelles aux assurés ou des aides collectives aux associations, faciliter l’accès aux droits et aux soins.",Place de l'Europe,"Organisme de sécurité sociale (CAF, CPAM, CARSAT, MSA…)",Tout public,3646,Du Lundi au Vendredi : 9h-17h.,Accès à un équipement informatique
GP Inten6t,44.85984192,-0.5795962009,"Centre Social et Culturel du Grand Parc : Accompagnement Social et Développement Social Local, Animation de la vie locale et action culturelle, Participation des habitants et citoyenneté, Accueil de loisirs petite enfance, enfance, Jeunesse.",Place de l'Europe,Association,Tout public,05 56 50 38 22,Du Lundi au Vendredi : 9h30-18h30. Fermé le Jeudi matin.,"Accès à un équipement informatique,Le public peut amener son propre matériel"
Maison de l'emploi de Bordeaux,44.86019219,-0.5751552747,"Créée à l’initiative de la Ville de Bordeaux, de l’Etat et de Pôle Emploi, la Maison de l’Emploi de Bordeaux agit pour l’accès à l’emploi, la création d’entreprise et le développement économique.",127 avenue Emile Counord,Association,"Allocataires,Demandeurs d'emploi,Jeunes,Personnes en situation de handicap,Séniors",05 57 78 37 37,Du Lundi au Vendredi : 9h-12h30/13h30-17h30.,"Accès à un équipement informatique,Le public peut amener son propre matériel"
CAIO,44.83839393,-0.5686112159,"Le Centre d'accueil, d'information et d'orientation (CAIO) a pour but d'accueillir, d'informer et d'orienter les personnes les plus en difficultés et de les accompagner dans la recherche d'un hébergement et d'un logement autonome, et d'un emploi stable.",7 rue Ausone,Association,Tout public,05 56 48 26 12,"Lundis, Jeudis et Vendredis : 14h-17h.","Accès à un équipement informatique,Le public peut amener son propre matériel"
Centre d'animation Saint Pierre,44.83958658,-0.5728610355,"Le centre d'animation Saint-Pierre fait partie de l'association Centres d'animation Bordeaux est ouvert à tous et à vocation sociale, familiale, et culturelle. Il s'adresse aux habitants du quartier, associations, partenaires et acteurs qui partagent les mêmes valeurs : respect, hospitalité, citoyenneté, responsabilité et le principe de laïcité.",4 rue du Mulet,Association,Tout public,05 56 48 16 39,"Mardi et Mercredi : 9h-12h30/14h-19h, Jeudi : 10h-12h30/14h-18h(uniquement le matin si ouverture le samedi 1er du mois) Vendredi: 14-18h. 1er Samedi du mois: 14h-18h (hors vacances scolaires).",Accès à un équipement informatique
Astrolab’,44.82469917,-0.5519600654,"Astrolab’, association créée en 1996, est agréée Espace de vie sociale et d’éducation populaire.Implantée sur le territoire de Bordeaux Sud, c’est un équipement plurigénérationnel qui s’adresse aux enfants, aux adolescents, aux adultes et aux familles. Les actions de l’association se developpent autour de : - l’accompagnement scolaire, élémentaire 1 et secondaire, - un centre de loisirs enfants & adolescents, - un accompagnement des initiatives des habitants, - la participation à la vie associative locale du territoire.",40 rue Laffiteau,Association,"Allocataires,Demandeurs d'emploi,Jeunes,Séniors",06 08 17 88 47,Vendredi : 14h-16h,"Accès à un équipement informatique,Le public peut amener son propre matériel"
Bibliothèque Jean de la Ville de Mirmont,44.83219171,-0.6108992928,"Au cœur du "" village Saint Augustin "", la nouvelle bibliothèque du quartier vous propose des collections riches et variées (albums, romans, BD, films, presse...), offrant désormais une place de choix à la musique (3000 CD) et aux nouvelles technologies (salle multimédia, tablettes, jeux vidéo...) dans une ambiance chaleureuse.",Place de l'Eglise Saint-Augustin,Bibliothèque / Médiathèque,Tout public,05 24 99 60 30,"Mardi : 10h-12h/14h-18h, Mercredi et Samedi : 10h-18h, Jeudi et Vendredi : 14h-18h.","Accès à un équipement informatique,Le public peut amener son propre matériel"
UNADEV (Union Nationale des Aveugles et Déficients Visuels),44.83491447,-0.5760437952,L'Union Nationale des Aveugles et Déficients Visuels (UNADEV) créée en 1929 à Bordeaux est une association reconnue d'assistance et de bienfaisance. Nos actions portent sur trois missions : Accompagner et aider les personnes déficientes visuelles pour leur insertion sociale et professionnelle ; Sensibiliser et informer le grand public et les décideurs ; Soutenir la recherche médicale et la prévention des maladies cécitantes.,12 rue de Cursol,Association,,05 56 33 85 85,Lundi au Vendredi : 9h-17h30.,Accès à un équipement informatique
CPAM de la Gironde - Pelleport,44.82051322,-0.5680850775,"Les principales missions de la CPAM : gérer les droits à l'assurance maladie des assurés sociaux, verser les prestations dues à chaque assuré, appliquer le plan d'action relatif à la gestion du risque en relation avec les professionnels de santé ; mettre en œuvre les campagnes de prévention, mettre en œuvre la politique d’action sanitaire et sociale par des aides individuelles aux assurés ou des aides collectives aux associations, faciliter l’accès aux droits et aux soins.",232 Rue Pelleport,"Organisme de sécurité sociale (CAF, CPAM, CARSAT, MSA…)",Tout public,3646,Du Lundi au Vendredi : 09h-17h.,Accès à un équipement informatique
FAits de Coeur’S,44.8250663,-0.5518514354,Lutte contre l’isolement des seniors.,45 rue Son Tay,Association,Séniors,06 48 53 07 78,Selon planning disponible sur notre site.,"Accès à un équipement informatique,Le public peut amener son propre matériel"
La Halle des Douves,44.83062642,-0.5662047329,"L'association Halle des Douves a en charge l'animation et la programmation du marché des Douves, maison de vie associative et des habitants. L'association compte environ 180 à 200 associations adhérentes, une soixantaine de particuliers et un millier d'adhérents à son café associatif.",4 bis rue des Douves,Association,"Jeunes,Personnes en situation de handicap,Séniors",05 57 71 75 93,Du Mercredi au Samedi : 10h-22h et le Mardi : 13h30-22h.,"Accès à un équipement informatique,Le public peut amener son propre matériel"
PIMMS de Bordeaux,44.82753104,-0.5588204015,"Favoriser l’accès aux services publics et améliorer la vie quotidienne des populations en proposant à ses utilisateurs des services de type généraliste (information de premier niveau, orientation, accompagnement dans les démarches, services de proximité), des actions de prévention et de médiation visant à réduire leurs éventuelles difficultés.",213 bis cours de la Marne,Point Information Médiation Multi Services (PIMMS),Tout public,05 56 85 85 45,"Lundi, Mercredi, Jeudi,Vendredi : 9h30-12h30 / 13h30-17h.  Mardi : 14h-18h30.","Accès à un équipement informatique,Le public peut amener son propre matériel"
Sesame,44.83379091,-0.5657544516,"L'espace de médiation est un service d'accompagnement au numérique pour le grand public. Il propose : de fournir ponctuellement des moyens d'accès à Internet et d'utilisation de logiciels, d'accompagner le grand public dans l'acquisition de compétences informatiques de base, de sensibiliser aux risques et aux responsabilités dans l'utilisation du numérique et à une utilisation raisonnée et responsable d'Internet.",13 place Canteloup,Espace Public Numérique (EPN),Tout public,05 56 10 26 13,"Du Lundi au Jeudi : 9h-12h/13h-17h30, Vendredi : 9h-12h. Fermé en aout.","Accès à un équipement informatique,Le public peut amener son propre matériel"
Bibliothèque La Bastide,44.84413592,-0.542196721,"C'est la bibliothèque de référence sur la rive droite, dans un quartier en pleine mutation.Elle chouchoute les tout petits, les collégiens... et les mélomanes. La bibliothèque met à votre disposition livres, DVD, revues, mais aussi un beau fonds de CD musicaux et six postes Internet. Les collégiens du quartier sont accueillis à des tables de travail et guidés dans leurs recherches.",18-22 rue Alexander Fleming,Bibliothèque / Médiathèque,Tout public,05 56 86 15 28,"Mardi : 10h-12h/14h-18h, Mercredi et Samedi : 10h-18h, Jeudi et Vendredi : 14h-18h.","Accès à un équipement informatique,Le public peut amener son propre matériel"
Centre socioculturel Danielle Mitterrand / MSAP,44.92779308,-0.488512978,"Le centre socioculturel propose aux habitants un lieu dédié à l’accueil des administrés. L’objectif est d’accueillir l’ensemble de la population et de proposer un accompagnement aux démarches et à l’accès aux droits au travers d’un accueil bienveillant et individualisé (démarches administratives en particulier des partenaires de la MSAP, une information fiable et claire, accompagner les habitants vers l’autonomie, en particulier pour ce qui concerne les démarches dématérialisées).",1 rue Louis Massina,Maison de Service au Public (MSAP),Tout public,05 56 77 62 64,Lundi : 9h30-12h30/14h-19h. Mardi : 9h30-12h30/14h-17h. Mercredi : 9h30-12h30/14h-18h. Jeudi : 8h30-12h30/14h-17h. Vendredi : 14h-18h.,"Accès à un équipement informatique,Le public peut amener son propre matériel"
Pôle Culturel Evasion,44.92645588,-0.4884793333,"Equipement culturel de proximité de la ville d'Ambarès-et-Lagrave, le Pôle Culturel Evasion a pour vocation la transmission des pratiques artistiques et la découverte de formes innovantes. L'objectif est de mettre en œuvre une action cohérente dédiée aux enjeux de la rencontre entre professionnels et amateurs, entre artistes et populations. Fort d’une expérience autour d’une Mission FEDER numérique Axe 2, de plusieurs actions menées dans le cadre d’appels à projets le Pôle Culturel a développé au fil des années des compétences autour du numérique.",place de la République,"Commune (Ville, CCAS, Centre Culturel…)",Séniors,05 56 77 36 26,Mardi : 18h-21h. Vendredi : 10h-12h.Samedi : 10h-13h.,"Accès à un équipement informatique,Le public peut amener son propre matériel"
Médiathèque municipale de Bassens,44.89960316,-0.5161907847,"La médiathèque propose des ateliers d'initiation aux usages du numérique., une aide et un accompagnement à l’équipement numérique, un accès libre et gratuit soumis à inscription à la médiathèque.",rue 8 mai 1945,Bibliothèque / Médiathèque,Tout public,05 57 80 81 78,Médiathèque: Mardi : 14h-18h. Mercredi : 10h-12h/14h-18h. Vendredi : 10h-12h/14h-19h. Samedi : 10h-12h/14h-17h. EPN : Mardi : 16h-18h. Mercredi : 10h-12h (sur RV uniquement)/14h-18h. Vendredi : 10h-12h (accueil avec agents du CCAS pour leurs bènèficiaires) /14h-17h. Samedi : 10h-12h. Ateliers initiation le Mardi : 14h-16h et le Vendredi : 17h-19h (sur inscription),Accès à un équipement informatique
Médiathèque de Carbon-Blanc,44.89589886,-0.5147697669,"La médiathèque de Carbon-Blanc dispose de 5 postes informatiques à destination des publics, accessibles gratuitement pour les inscrits à la médiathèque (inscription gratuite). Pour les mineurs, la consultation est soumise àl’autorisation parentale. Le public a accès à Internet, à des outils de bureautiques ainsi que des ressources en ligne. Les personnes peuvent être accompagnées dans leurs recherches par un bibliothécaire sur demande.",17 Avenue Vignau Anglade BP 30,Bibliothèque / Médiathèque,Tout public,05 56 77 68 86,La médiathèque est ouverte du mardi au samedi. Pour consulter les horaires veuillez vous rendre sur le site de la ville : www.carbon-blanc.fr.,Accès à un équipement informatique
Centre social et culturel La Colline,44.85640882,-0.5206668504,"Le centre social et culturel est une association qui propose des actions en direction des familles, des enfants, des jeunes et des adultes. Ses trois axes de travail sont : l’épanouissement individuel et collectif (Cours de français, accompagnement aux vacances, accompagnement social, soirées, sorties ), l'accès à la culture (spectacles, concerts, festival, découverte des métiers culturels& ), l'accès au numérique (ateliers, utilisation des outils (ordinateurs, tablettes, smartphone), utilisation des plateformes administratives).",2 rue Stéphane Mallarmé,Centre social,Tout public,05 57 77 90 30,Du Lundi au Vendredi : 9h-12h/14h-17h.,"Accès à un équipement informatique,Le public peut amener son propre matériel"
PIMMS de Cenon,44.85701174,-0.5321185452,"Faciliter l’accès des populations aux services publics et aux droits sociaux. Généraliste sur son territoire, le PIMMS développe une activité multiservices. Ainsi, le PIMMS œuvre à l'accessibilité des habitants aux services nécessaires à la vie courante, en relayant, facilitant la compréhension, en complétant l'offre de services de ses partenaires et en proposant des services de type généraliste (information de premier niveau,...).  Notamment, Il offre un accès à Internet et accompagne dans l’utilisation des services publics distants via les portails numériques des opérateurs de services.",89 avenue Jean Jaurès,Point Information Médiation Multi Services (PIMMS),"Allocataires,Demandeurs d'emploi,Etrangers,Jeunes,Séniors",05 47 74 77 80,"Lundi, mercredi Vendredi 9h/12h30-13h30/17h   Mardi et Jeudi 13h30/17h","Accès à un équipement informatique,Le public peut amener son propre matériel"
Rocher de Palmer I Musiques de Nuit Diffusion,44.86214556,-0.5240029627,"Le Forum du Rocher, c'est une boite à outils geéante et des espaces au sein du Rocher de Palmer où l’on vient se former, travailler, echanger, s’enregistrer et/ou structurer son parcours professionnel dans le secteur des industries culturelles et creatives. Il s'adresse aux personnes en recherche d’emploi, porteurs de projets, habitants en quartier prioritaire, ètudiants et propose : une formation numèrique (2 mois), un espace coworking, des ateliers de 2 jours (numèrique), un studio de captation numèrique et une pèpinière d’entreprise culturelle.",1 rue Aristide Briand,Association,"Allocataires,Jeunes,Personnes en situation de handicap",06 71 83 86 26,Du Lundi au Vendredi 9h30-18h.,"Accès à un équipement informatique,Le public peut amener son propre matériel"
DEFI,44.87148357,-0.5143354014,"L’association DEFI a été créée en 1994. Son objectif est « d’aider toutes les personnes exclues à défendre et accéder à leurs droits, mais aussi de les aider à s’insérer à tous les niveaux de leur vie citoyenne par une action d’information, de formation et par un soutien tout au long de leur démarche d’insertion ». Nos actions pour y répondre, la Médiation Sociale, l’accession à la citoyenneté par la valorisation de l’alphabétisation, Français Langue Étrangère et Seconde, la participation active et citoyenne des habitants et plus particulièrement des femmes, dans la vie de la cité et les ateliers de formation aux usages et savoirs de base du numérique dans le cadre du programme Quartiers Numériques.",18 Rue Henri DUNANT esplanade Saint-Hilaire,Association,Tout public,05 56 31 13 56,Du Lundi au Vendredi : 9h-16h.,Accès à un équipement informatique
Mediatheque Jean Vautrin,44.76800673,-0.6114607156,Accompagnement individuel pour les démarches administratives. Accompagnement individuel pour de l'aide sur PC ou smartphone. Ateliers collectifs du mardi au vendredi. Espace jeu vidéo,32 route de léognan,Bibliothèque / Médiathèque,Tout public,05 57 12 18 90,Mardi : 14h- 20h. Mercredi et Samedi: 10h – 18h. Jeudi et Vendredi : 14h – 18h.,"Accès à un équipement informatique,Le public peut amener son propre matériel"
EPI'SOL Pessac,44.80527648,-0.6328603209,Atelier informatique tous les 15 jours. Poste informatique en libre service. Reconnu facilitateur CAF sur le site caf.fr,8 place germaine tillion,Association,"Allocataires,Demandeurs d'emploi,Jeunes,Personnes en situation de handicap,Séniors",05 56 51 48 57,Du Mardi au Vendredi : 10h-13h et 15h-19h.   Samedi : 10h-13h.  Atelier 1 Vendredi sur 2.  Permanence caf.fr le Vendredi matin.,"Accès à un équipement informatique,Le public peut amener son propre matériel"
Espace Social et d'Animation Alain Coudert,44.79116316,-0.6287024144,"Centre social de Saige à Pessac, quartier prioritaire. Propose un accueil tous publics.  Le projet social de la structure est construit en 4 sous projets :  1) Accueil, Animation de la vie sociale et Cadre de vie  2) Accès aux Droits, Insertion et Parentalité (assistance numérique) 3) Alimentation, Santé & Solidarité  4) Education et prévention",68 rue de l'horloge,Centre social,Tout public,05 56 45 57 50,Lundi : 13h30-19h. Du Mardi au Vendredi : 10h30-12h30/13h30-19h.,"Accès à un équipement informatique,Le public peut amener son propre matériel"
Centre Social de Bagatelle,44.80851235,-0.573962966,"Le centre social de Bagatelle accueille toutes personnes souhaitant participer à des projets, activités, événements ou en recherche de vivre ensemble. Permanences d'accès aux droits (écrivain public et CESF) et espace numérique.",203 Route de Toulouse,Centre social,Tout public,05 57 12 40 30,"Du Lundi au Jeudi : 9h-12h/14h-17h30. Vendredi : 9h-12h. Vendredi après-midi, Samedi et dimanche : fermé. Ces horaires correspondent à la période actuelle (COVID-19), merci de nous contacter par téléphone pour toute demande d'accès au numérique. Présence de facilitateurs numériques le Lundi 9h30-12h / et le Vendredi : 9h30-12h.","Accès à un équipement informatique,Le public peut amener son propre matériel"
Médiathèque Castagnéra,44.8073646,-0.5900917619,"La Cyber-base de Talence vous accueille sur deux sites, à la médiathèque Castagnéra. Ouverte à tous les inscrits du réseau des médiathèques de la ville (inscription gratuite), la Cyber-base met à votre disposition des ordinateurs équipés de casques audio, de webcams,  d’une connexion Internet haut débit, et vous propose de larges plages dédiées à la consultation libre, en présence d’un animateur. Des ateliers multimédias ont pour objectif de vous familiariser avec les outils informatiques, et de découvrir le potentiel des ressources numériques.",1 allée Peixotto,Bibliothèque / Médiathèque,"Allocataires,Demandeurs d'emploi,Jeunes,Séniors",05 56 84 78 90,Mardi Jeud  : 14h-18h30. Mercredi : 10h30-18h30. Vendredi  : 10h30-18h30. Samedi : 10h30-18h (10h30-16h en juillet et août).,"Accès à un équipement informatique,Le public peut amener son propre matériel"
Médiathèque d'Ornon,44.76474678,-0.5840676045,"Espace de 1000 m² situé dans le quartier de Chambéry, la Médiathèque d’Ornon est un outil culturel riche, conçu pour favoriser la lecture, l'ouverture au monde musical et audiovisuel et l'initiation aux nouvelles technologies, mais aussi lieu de loisirs, de convivialité, de détente et d'accès à l'information grâce à sa collection d'environ 70000 documents.Vous pouvez assister, tout au long de l'année aux différentes manifestations culturelles gratuites proposées par la Médiathèque d'Ornon : concerts, ateliers de lecture et d'écriture, contes, animations multimédia.",46 bis rue Jean-Jacques Rousseau,Bibliothèque / Médiathèque,"Allocataires,Demandeurs d'emploi,Jeunes,Personnes en situation de handicap,Séniors",05 57 96 56 30,Mardi : 15h-19h (ou 20h). Mercredi : 10h-18h. Jeudi : 15h-18h. Vendredi : 10h-12h /14h-18h. Samedi : 10h-18h.,Accès à un équipement informatique
Médiathèque Les Etoiles,44.77676013,-0.5327732668,"La Médiathèque les Etoiles est située dans le quartier du Bocage, dans un bâtiment regroupant également le Centre socioculturel et les Archives municipales. Destinée à accueillir tous les publics, elle propose des espaces livres, presse, vidéo-son, multimédia et jeux vidéo afin de favoriser la lecture, l’accès à la musique et l’initiation aux nouvelles technologies.En plus des animations gratuites proposées tout au long de l’année et d’un large fonds, la Médiathèque les Etoiles dispose également d'une partothèque, et les musiciens locaux peuvent enrichir la démothèque mise à disposition.",7 rue Colette Besson,Bibliothèque / Médiathèque,"Allocataires,Demandeurs d'emploi,Jeunes,Personnes en situation de handicap,Séniors",05 57 96 56 40,Mardi : 15h-19h (ou 20h). Mercredi : 10h-18h. Jeudi : 15h-18h. Vendredi : 10h-12h /14h-18h. Samedi : 10h-18h.,Accès à un équipement informatique
Service Municipal Emploi de Villenave d'Ornon,44.7784271,-0.5730945931,"Ce service aide à la recherche d’emploi et accueille tous les demandeurs d’emplois Villenavaises et Villenavais, qui souhaitent être aidés dans leurs recherches d’emplois et/ou dans leur réinsertion professionnelle. Un « cyber espace » avec plusieurs postes informatiques est mis à disposition des demandeurs d’emploi pour faciliter les démarches en ligne liées à la recherche d’emploi. Le service emploi municipal propose des rendez-vous individuels pour faire un point sur sa recherche d’emploi, aider à la rédaction de lettre de motivation et CV, mettre à jour son profil de compétences sur le site de Pôle Emploi.","Domaine Jacques Brel, 45 Avenue du Marechal Leclerc","Commune (Ville, CCAS, Centre Culturel…)",Tout public,05 56 75 28 45,Du Lundi au Vendredi : 8h45-12h30/14h-16h45.,Accès à un équipement informatique
Médiathèque Assia Djebar,44.91049839,-0.6328842044,"La médiathèque Assia Djebar de Blanquefort est située au sein du Centre Culturel Les Colonnes. Elle offre un accès à tous les médias en matière de loisirs, de culture, d’information et de formation continue. Ouverte 35h par semaine, elle accueille des usagers qui viennent pour emprunter des documents, pour lire la presse, consulter Internet, travailler, accompagner, se rencontrer... Elle propose aussi une programmation culturelle tout au long de l’année : expositions, rencontres… L’espace numérique Le F.I.L (Formation Innovation Ludique) est situé au niveau -1 de la médiathèque.",4 rue du Docteur Castéra,Bibliothèque / Médiathèque,Tout public,05 56 57 48 40,Mardi et Jeudi : 14h-19h. Mercredi et Vendredi : 10h-19h. Samedi : 10h-17h. Horaires d'été (juillet-août) : Mardi au Jeudi : 14h-18h. Mercredi et Vendredi : 10h-12h/14h-18h. Samedi : 10h13h.,"Accès à un équipement informatique,Le public peut amener son propre matériel"
Bibliothèque du Haillan,44.87390059,-0.6759351123,"Service municipal de proximité ayant pour mission la diffusion et la promotion de l'information, de l'éducation et de la culture.",30 rue de Los Heros,Bibliothèque / Médiathèque,"Allocataires,Demandeurs d'emploi,Etrangers,Jeunes,Séniors",05 57 93 11 31,Mardi : 14h-18h. Mercredi : 10h-12h30/14h-18h. Jeudi : 10h-12h30/14h-18h. Vendredi : 10h-12h30/14h-19h. Samedi : 10h-17h.,"Accès à un équipement informatique,Le public peut amener son propre matériel"
CCAS de Mérignac,44.8461772,-0.656229042,"Le CCAS, établissement public de proximité, anime l’action générale de prévention et de développement social dans la commune. Au cœur des solidarités, le CCAS, en lien avec les partenaires, institutions publiques et privées, travaille en coordination et complémentarité avec l’ensemble des acteurs, dans le but d’améliorer les conditions de vie des habitants de Mérignac, faciliter l’accès aux droits, en s’appuyant sur l’observation constante de la demande sociale et ainsi lier les conditions de développement de nouvelles réponses.",60 Avenue Maréchal de Lattre de Tassigny,"Commune (Ville, CCAS, Centre Culturel…)",Séniors,05 56 55 66 55,Lundi : 13h-17h. Mardi au Vendredi : 8h30-17h.,"Accès à un équipement informatique,Le public peut amener son propre matériel"
Le Vivier des Partages,44.84580056,-0.6547196569,"Le Vivier des Partages est une association qui a trois objectifs : encourager l'engagement collectif, développer des réseaux de solidarité et créer des temps et des espaces de convivialité. Ainsi, nous créons café-débat, nous accompagnons des projets collectifs,  nous animons des ateliers sur des thématiques diverses et enfin nous proposons de l'entraide numérique. Toutes nos interventions sont motivées par l'esprit de l'éducation populaire et l'apprentissage par l'action. L'entraide numérique se déroule chez nos partenaires notamment une fois par mois au café le Petit Grain à Bordeaux.",55 avenue du Maréchal de Lattre de Tassigny,Association,Tout public,06 01 07 82 50,Variables.,"Accès à un équipement informatique,Le public peut amener son propre matériel"
Espace Public Numérique de Beaudésert : Réseau des Médiathèques de Mérignac,44.84371597,-0.6795983292,"L'EPN de la médiathèque de BEAUDESERT est un espace dédié à la découverte, à l'apprentissage et à la pratique des techniques de l'information et de la communication. La vocation de cet espace est d'aider tous les publics à s'approprier les usages numériques pour leurs projets personnels ou professionnels. Tous les publics peuvent bénéficier de conseils et d'une assistance, auprès d'une équipe d'animateurs professionnels. Des ateliers multimédia et des animations sont régulièrement organisés afin de découvrir les usages numériques.",74  avenue des marronniers,Espace Public Numérique (EPN),Tout public,05 56 34 61 05,Mardi : 17h-18h30. Mercredi : 14h-17h. Jeudi : 15h-18h. Vendredi : 10h30-12h.,"Accès à un équipement informatique,Le public peut amener son propre matériel"
Médiathèque Michel Sainte-Marie Espace Public Numérique,44.84236938,-0.646640985,"L'EPN de la médiathèque Michel SAINTE-MARIE est un espace public dédié à la découverte, à l'apprentissage et à la pratique des technologies de l'information et de la communication. La vocation de cet espace est d'aider tous les publics à s'approprier les usages numériques pour leurs projets personnels ou professionnels. Tous les publics peuvent bénéficier de conseils et d'une assistance auprès d'une équipe d'animateurs multimédia professionnels. Des ateliers numériques et des animations sont régulièrement organisés afin de découvrir les usages numériques.",19 place Charles de Gaulle,Bibliothèque / Médiathèque,Tout public,05 57 00 02 20,Du Mardi au Samedi : 13h-17h. Mercredi : 13h-19h.,"Accès à un équipement informatique,Le public peut amener son propre matériel"
Mission Locale Technowest,44.85501753,-0.6531098354,"Structure du service public de l'emploi en charge de l'accueil et de l'accompagnement vers l'insertion sociale et professionnelle des jeunes âgés de 16 à 25 ans sortis du système scolaire et résidant sur le territoire des 16 communes adhérentes à la Mission Locale Technowest. Accompagnement global: Formation, projet professionnel, emploi, santé, citoyenneté, logement, loisirs et culture, mobilité internationale.",9 rue Montgolfier,Association,"Allocataires,Jeunes,Personnes en situation de handicap",05 56 47 14 07,Lundi au Vendredi : 8h30-12h30/13h30-17h30.,Accès à un équipement informatique
Atelier Brach,44.83898668,-0.5945722709,"Les ateliers Brach et Giono de la ville de bordeaux dispensent des activités d'apprentissage tout le long de l'année aux personnes âgées de 60 ans, par le biais des intervenants professionnels Des cours d'informatiques sont donnés sous un format de stage de 3h à 6h autour  de différentes thématiques . Les tarifs d'un stage de 3h, établis en fonction des résidents bordelais, s'échelonnent  de 3 à 11 euros. Un forfait de 13 euros est appliqué aux seniors non domiciliés sur Bordeaux",33 rue de Brach,"Commune (Ville, CCAS, Centre Culturel…)",Séniors,05 56 79 73 44,Lundi au Vendredi : 9h à 12 h et de 14h à 17h,"Accès à un équipement informatique,Le public peut amener son propre matériel"
Centre d'animation Monséjour,44.85418557,-0.6296998242,"Le centre d’animation Monséjour fait partie de l’association des Centres d’animation de Bordeaux, association républicaine d’animation socioculturelle, loi 1901. Son action se fonde sur un ensemble de valeurs et de principes et est guidée par ses textes fondateurs, dont ses statuts et son projet associatif. Agréée jeunesse et éducation populaire, 10 centres d’animation sont agréés Centre social, elle œuvre avec toutes et tous afin de contribuer à l’émancipation des personnes qu’elle accueille en promouvant une éducation tout au long de la vie et l’égale reconnaissance des savoirs, savoir-faire et savoir-être.",rue François Coppée,Association,"Demandeurs d'emploi,Etrangers,Jeunes,Personnes en situation de handicap,Séniors",05 56 97 58 10,"Lundi, Mercredi et Vendredi : 14h – 19h, Mardi et jeudi : 9h – 12h30 / 14h – 18h30.","Accès à un équipement informatique,Le public peut amener son propre matériel"
Espace de vie sociale Barthez,44.77087504,-0.6003677789,"Permanences d'accueils individuels et collectifs  caf, info droits, service emploi de la ville de Gradignan -  Informations pour l’accès aux loisirs et vacances (point information vacances) - Ateliers de formation pour adultes : alphabétisation, FLE - Actions d'accompagnement vers l'emploi - Accompagnement à la scolarité élémentaire - Ateliers d’échange de savoirs (cuisine, couture) - soirées thématiques (contes, karaoké, loto, jeux de société) - Sorties et projets week-end familles - Manifestations de quartier des projets des familles - Activites parents-enfants.",20 bis bd malartic  residence barthez,"Commune (Ville, CCAS, Centre Culturel…)",Tout public,05 56 94 05 82,"Lundi, Mercredi : 9h-12h/14h-18h.  Mardi, Jeudi, Vendredi : 9h-12h/14h-19h. Samedi sur projet.",Accès à un équipement informatique
Eysines France Services,44.87988471,-0.6362490343,Nous disposons d'un espace numérique de 2 ordinateurs en accès libres dédiés au public. Ils peuvent être utilisés en autonomie ou accompagnés par les agents présents.,Place du Rouillaou,"Commune (Ville, CCAS, Centre Culturel…)",Tout public,05 56 51 82 85,Du Lundi au Jeudi : 9h/12h30-14H/18h. Vendredi : 9h-12h30.,Accès à un équipement informatique
